subject,chapter,concept,difficulty,par_time_sec,par_seconds,question_text,option_a,option_b,option_c,option_d,correct_option,year,q_no,review_status,reason,kw_chapter
Physics,,,,90,,"The test is of 3 hours 20 minutes duration and the Test Booklet contains 200 multiple-choice questions (four options with a single correct answer) from Physics, Chemistry, and Biology (Botany and Zool",,,,,D,2024,1,unusable_parse_fail,could not split 4 options,
Physics,,,,90,,"Each question carries 4 marks. For each correct response, the candidate will get 4 marks. For each incorrect response, 1 mark will be deducted from the total scores. The maximum mark is 720.",,,,,A,2024,2,unusable_parse_fail,could not split 4 options,
Physics,,,,90,,Use a Blue/Black ballpoint Pen only for writing particulars on this page/marking responses on the Answer Sheet.,,,,,C,2024,3,unusable_parse_fail,could not split 4 options,
Physics,,,,90,,Rough work is to be done in the space provided for this purpose in the Test Booklet only.,,,,,B,2024,4,unusable_parse_fail,could not split 4 options,
Physics,,,,90,,"On completion of the test, the candidate must hand over the Answer Sheet (ORIGINAL and OFFICE Copy) to the Invigilator before leaving the room/hall. The candidates are allowed to take away this Test B",,,,,D,2024,5,unusable_parse_fail,could not split 4 options,
Physics,,,,90,,The CODE for this Booklet is T3.,,,,,B,2024,6,unusable_parse_fail,could not split 4 options,
Physics,,,,90,,The candidates should ensure that the Answer Sheet is not folded. Do not make any stray marks on the Answer Sheet. Do not write your Roll No. anywhere else except in the specified space in the Test Bo,,,,,C,2024,7,unusable_parse_fail,could not split 4 options,
Physics,,,,90,,Each candidate must show on-demand his/her Admit Card to the Invigilator.,,,,,C,2024,8,unusable_parse_fail,could not split 4 options,
Physics,,,,90,,"No candidate, without special permission of the Centre Superintendent or Invigilator, would leave his/her seat.",,,,,C,2024,9,unusable_parse_fail,could not split 4 options,
Physics,,,,90,,Use of an Electronic/Manual Calculator is prohibited.,,,,,C,2024,10,unusable_parse_fail,could not split 4 options,
Physics,,,,90,,The candidates are governed by all Rules and Regulations of the examination with regard to their conduct in the Examination Room/Hall. All cases of unfair means will be dealt with as per Rules and Reg,,,,,B,2024,11,unusable_parse_fail,could not split 4 options,
Physics,,,,90,,No part of the Test Booklet and Answer Sheet shall be detached under any circumstances.,,,,,D,2024,12,unusable_parse_fail,could not split 4 options,
Physics,Work Energy and Power,Work Energy and Power,,60,,"The candidates will write the Correct Test Booklet Code as given in the Test Booklet/Answer Sheet in the Attendance Sheet. M.MARKS: 720 DATE: 05/05/2024 DURATION: 200 Minutes NEET (UG)-2024 T3 NEET (UG)-2024 (Code-_T3__) PHYSICS SECTION ŌĆō A 1. A tightly wound 100 turns coil of radius 10 cm carries a current of 7 A. The magnitude of the magnetic field at the centre of the coil is (Take permeability of free space as 7 4 10ŌłÆ ’ü░’é┤ SI units): (1) 4.4 mT (2) 44 T (3) 44 mT (4) 4.4 T 2. Math List-I with List-II. List-I (Material) List-II (Susceptibility (x)) (A) Diamagnetic (I) 0 = x (B) Ferromagnetic (II) 0 1 x ’ĆŠ ’é│ŌłÆ (C) Paramagnetic (III) 1 x ’ĆŠ’ĆŠ (D) Non-magnetic (IV) 0 x ’Ć╝’Ć╝’üź(a small positive number) Choose the correct answer from the options given below: (1) A-III, B-II, C-I, D-IV (2) A-IV, B-III, C-II, D-I (3) A-II, B-III, C-IV, D-I (4) C-II, B-I, C-III, D-IV 3. A thermodynamic system is taken through the cycle abcda. The work done by the gas along the path bc is: (1) ŌĆō90 J (2) ŌĆō60 J (3) zero (4) 30 J 4. An unpolarised light beam strikes a glass surface at BrewsterŌĆÖs angle. Then (1) both the reflected and refracted light will be completely polarised. (2) the reflected light will be completely polarised but the refracted light will be partially polarised. (3) the reflected light will be partially polarised. (4) the refracted light will be completely polarised. 5. In an ideal transformer, the turns ratio is 1 2 p s N N = . The ratio : s p V V is equal to (the symbols carry their usual meaning): (1) 1 : 1 (2) 1 : 4 (3) 1 : 2 (4) 2 : 1 6. A logic circuit provides the output Y as per the following truth table: (1) B (2) B (3) .AB A + (4) .AB A + 7. In a vernier calipers, (N + 1) divisions of vernier scale coincide with N divisions of main scale. If 1 MSD represents 0.1 mm, the vernier constant (in cm) is: (1) 100 N (2) 10 (N + 1) (3) 1 10N (4) 1 100( 1) N + 8. The maximum elongation of a steel wire of 1 m length if the elastic limit of steel and its YoungŌĆÖs modulus, respectively, are 8 ├Ś 108 N mŌĆō2 and 2 ├Ś 1011 N mŌĆō2, is: (1) 40 mm (2) 8 mm (3) 4 mm (4) 0.4 mm 9. A horizontal force 10 N is applied to a block A as shown in figure. The mass of blocks A and B are 2 kg and 3 kg, respectively. The blocks slide over a frictionless surface. The force exerted by block A on block B is: (1) 6 N (2) 10 N (3) zero (4) 4 N A B Y 0 0 1 1 0 1 0 1 1 0 1 0 NEET (UG)-2024 (Code-_T3_) 10. If the monochromatic source in YoungŌĆÖs double slit experiment is replaced by white light, then (1) there will be a central bright white fringe surrounded by a few coloured fringes. (2) all bright fringes will be of equal width. (3) interference pattern will disappear. (4) there will be a central dear fringe surrounded by a few coloured fringes. 11. The graph which shows the variation of 1 ’Ć▓ ’ā” ’āČ ’ā¦ ’āĘ ’ü¼ ’ā© ’āĖ and its kinetic energy, E is (where ’ü¼ is de Broglie wavelength of a free particle): (1) (2) (3) (4) 12. In the following circuit, the equivalent capacitance between terminal A and terminal B is: (1) 0.5 ’üŁF (2) 4 ’üŁF (3) 2 ’üŁF (4) 1 ’üŁF 13. In the above diagram, a strong bar magnet is moving towards solenoid-2 from solenoid-1. The direction of induced current in solenoid-1 and that in solenoid-2, respectively, are through the directions:",AB and CD,BA and DC,AB and DC,BA and CD,C,2024,13,fixable_figure,figure_hint keyword detected,
Physics,Current Electricity,Current Electricity,,60,,"Consider the following statements A and B and identify the correct answer : A. For a solar-cell, the I-V characteristics lies in the IV quadrant of the given graph. B. In a reverse bia┼¤ed pn junction diode, the current measured in (┬ĄA), is due to majority charge carriers.",Both A and B are correct.,Both A and B are incorrect.,A is correct but B is incorrect.,A is incorrect but B is correct.,D,2024,14,fixable_figure,figure_hint keyword detected,
Physics,Ray Optics and Optical Instruments,Ray Optics and Optical Instruments,,60,,A light ray enters through a right angled prism at point P with the angle of incidence 30 o as shown in figure. It travels through the prism parallel to its base BC and emerges along the face AC. The refractive index of the prism is:,3 4,3 2,5 4,5 2,B,2024,15,fixable_figure,figure_hint keyword detected,
Physics,Current Electricity,Current Electricity,,60,,"The terminal voltage of the battery, whose emf is 10 V and internal resistance 1 ’üŚ, when connected through an external resistance of 4 ’üŚ as shown in the figure is :",8 V,10 V,4 V,6 V,D,2024,18,fixable_figure,figure_hint keyword detected,
Physics,Unclassified,Unclassified,,60,,"A wheel of a bullock cart is rolling on a level road as shows in the figure below. If its linerar speed is v in the direction shown, which one of the following options is correct (P and Q are any highest and lowest points on the wheel respectively)?",Both the points P and Q move with equal speed.,Point P has zero speed.,Point P moves slower than point Q.,Point P moves faster than point Q.,C,2024,26,fixable_figure,figure_hint keyword detected,
Physics,System of Particles and Rotational Motion,System of Particles and Rotational Motion,,60,,"In a uniform magnetic field of 0.049 T, a magnetic needle performs 20 complete oscillations in 5 seconds as shown. The moment of inertia of the needle is 9.8 ├Ś 10ŌĆō6 kg m2. If the magnitude of magnetic moment of the needle is x ├Ś 10ŌĆō5 Am2, then the value of ŌĆśxŌĆÖ is;",50 ’ü░’Ć▓,1280 ’ü░’Ć▓,5 ’ü░’Ć▓,128 ’ü░’Ć▓,B,2024,29,fixable_figure,figure_hint keyword detected,
Physics,Electrostatic Potential and Capacitance,Electrostatic Potential and Capacitance,,60,,A thin spherical shell is charged by some source. The potential difference between the two points C and P (in V) shown in the figure is; 9 0 1 Take 9 10 SIunits 4 ’ā” ’āČ = ’é┤ ’ā¦ ’āĘ ’ü░’āÄ ’ā© ’āĖ,0.5 ├Ś 105,zero,3 ├Ś 105,1 ├Ś 105 NEET (UG)-2024 (Code-_T3__),B,2024,33,fixable_figure,figure_hint keyword detected,
Physics,States of Matter,States of Matter,,60,,"The following graph represents the T-V curves of an ideal gas (where T is the temperature and V the volume) at three pressures P1, P2 and P3 compared with those of CharlesŌĆÖs law represented as dotted lines.",P2 > P1 > P3,P1 > P2 > P3,P3 > P2 > P1,P1 > P3 > P2,C,2024,36,fixable_figure,figure_hint keyword detected,
Physics,Electrostatic Potential and Capacitance,Electrostatic Potential and Capacitance,,60,,"A parallel plate capacitor is charged by connecting it to a battery through a resistor. If I is the current in the circuit, then in the gap between the plates;",displacement current of magnitude equal to I flows m a direction opposite to that of I.,displacement current of magnitude greater than I flows but can be in any direction.,there is no current.,displacement current of magnitude equal to I flows in the same direction as I.,D,2024,37,fixable_figure,figure_hint keyword detected,
Physics,,,,90,,Choose the correct circuit which can achieve the bridge balance. (1) (2) (3) (4),,,,,D,2024,39,unusable_parse_fail,could not split 4 options,
Physics,Electrostatic Potential and Capacitance,Electrostatic Potential and Capacitance,,60,,"A 10 ╬╝F capacitor is connected to a 210 V, 50 Hz source as shown in figure. The peak current in the circuit is nearly (ŽĆ = 3.14):",1.20 A,0.35 A,0.58 A,0.93 A,C,2024,45,fixable_figure,figure_hint keyword detected,
Physics,,,,90,,The velocity (v) ŌĆōtime (t) plot of the motion of a body is shown below: The acceleration (a) ŌĆōtime (t) graph that best suits this motion is: (1) (2) (3) (4),,,,,D,2024,47,unusable_parse_fail,could not split 4 options,
Chemistry,,,,90,,Intramolecular hydrogen bonding is present in (1) (2) HF (3) (4) .,,,,,D,2024,53,unusable_parse_fail,could not split 4 options,
Chemistry,,,,90,,Which plot of ln k vs 1 T is consistent with Arrhenius equation? (1) (2) (3) (4),,,,,C,2024,73,unusable_parse_fail,could not split 4 options,
Chemistry,,,,90,,The compound that will undergo 1 N S reaction with the fastest rate is (1) (2) (3) (4),,,,,C,2024,76,unusable_parse_fail,could not split 4 options,
Chemistry,Unclassified,Unclassified,,60,,On heating some solid substance change from solid to vapour state without passing through liquid state. The technique used for the purification of such solid substances based on the above principle is known as:,Distillation,Chromatography,Crystallization,Sublimation NEET (UG)-2024 (Code-_T3__),C,2024,79,fixable_figure,figure_hint keyword detected,
Chemistry,,,,90,,The most stable carbocation among the following is: (1) (2) (3) (4),,,,,B,2024,84,unusable_parse_fail,could not split 4 options,
Chemistry,,,,90,,For the given reaction: ŌĆśPŌĆÖ is (1) (2) (3) (4),,,,,D,2024,89,unusable_parse_fail,could not split 4 options,
Chemistry,,,,90,,"Major products A and B formed in the following reaction sequence, are (1) (2) (3) (4)",,,,,D,2024,99,unusable_parse_fail,could not split 4 options,
Biology,Unclassified,Unclassified,,90,,Identify the part of the seed from the given figure which is destined to form root when the seed germinates.,C,D,A,B,C,2024,104,fixable_figure,figure_hint keyword detected,
Biology,Morphology of Flowering Plants,Morphology of Flowering Plants,,90,,"Identify the type of flowers based on the position of calyx, corolla and androecifum with respect to the ovary from the given figures (a) and (b)",(a) Perigynous; (b) Epigynous,(a) Perigynous; (b) Perigynous,(a) Epigynous; (b) Hypogynous,(a) Hypogynous; (b) Epigynous,A,2024,116,fixable_figure,figure_hint keyword detected,
Biology,Unclassified,Unclassified,,90,,"In the given figure, which component has thin outer walls and highly thickened inner walls",A,B,C,D,C,2024,123,fixable_figure,figure_hint keyword detected,
Biology,General Principles and Processes of Isolation of Elements,General Principles and Processes of Isolation of Elements,,90,,Identify the correct description about the given figure:,Cleistogamous flowers showing autogamy.,Compact inflorescence showing complete autogamy.,Wind pollinated plant inflorescence showing flowers with well exposed stamens.,Water pollinated flowers showing stamens with mucilaginous covering.,C,2024,138,fixable_figure,figure_hint keyword detected,
Biology,Biotechnology - Principles and Processes,Biotechnology - Principles and Processes,,90,,The following diagram showing restriction sites in E.coli cloning vector pBR322. Find the role of 'X' and 'Y' genes:,The gene 'X' is for protein involved in replication of Plasmid and 'Y' for resistance to antibiotics.,Gene 'X' is responsible for recognition sites and 'Y' is responsible for antibiotic resistance.,The gene 'X' is respoinsible for resistance to antibiotics and 'Y' for protein involved in the replication of Plasmid.,The gene 'X' is responsible for controlling the copy number of the linked DNA and 'Y' for protein involved in the replication of Plasmid.,D,2024,170,fixable_figure,figure_hint keyword detected,
Biology,,,,90,,,,,,,,2024,148,unusable_no_answer,not in answer table,
Biology,,,,90,,,,,,,,2024,192,unusable_no_answer,not in answer table,
Physics,Electrostatic Potential and Capacitance,Electrostatic Potential and Capacitance,,60,,"Given below are two statements: one is labelled as Assertion A and the other is labelled as Reason R. Assertion A: The potential (V) at any axial point, at 2 m distance (r) from the centre of the dipole of dipole moment vector P ŌåÆ of magnitude, 6 4 10 C m ŌłÆ ’é┤ , is 3 . 9 10 V ’é▒’é┤ (Take 9 0 1 9 10 4 = ’é┤ ’ü░’āÄ SI units) Reason R: 2 0 2 , 4 P V r = ’é▒ ’ü░’āÄ where r is the distance of any axial point, situated at 2 m from the centre of the dipole. In the light of the above statements, choose the correct answer from the options given below:",A is true but R is false.,A is false but R is true.,Both A and R are true and R is the correct explanation of A.,Both A and R are true and R is NOT the correct explanation of A. 1 ’Ć▓ ’ü¼ O E 1 ’Ć▓ ’ü¼ O E 1 ’Ć▓ ’ü¼ O E 2’üŁF 2’üŁF 2’üŁF 2’üŁF A B NEET (UG)-2024 (Code-_T3__),A,2024,16,llm_flagged,llm=Electrostatic Potential and Capacitance; kw_score=1 kw=Motion in a Plane,Motion in a Plane
Physics,System of Particles and Rotational Motion,System of Particles and Rotational Motion,,60,,"The moment of inertia of a thin rod about an axis passing through its mid point and perpendicular to the rod, is 2400 g cm2. The length of the 400 g rod is nearly:",20.7 cm,72.0 cm,8.5 cm,17.5 cm,A,2024,17,llm_flagged,llm=System of Particles and Rotational Motion; kw_score=1 kw=System of Particles and Rotational Motion,System of Particles and Rotational Motion
Physics,Atoms,Atoms,,60,,Match the List-I with List-II. List-I (Spectral Lines of Hydrogen for transitions from) List-II (Wavelengths (nm)) (A) 2 1 3 to 2 n n = = I. 410.2 (B) 2 1 4 to 2 n n = = II. 434.1 (C) 2 1 5 to 2 n n = = III. 656.3 (D) 2 1 6 to 2 n n = = IV. 486.1 Choose the correct answer from the options given below:,"A-IV, B-III, C-I, D-II","A-I, B-II, C-III, D-IV","A-II, B-I, C-IV, D-III","A-III, B-IV, C-II, D-I",C,2024,19,llm_flagged,llm=Atoms; kw_score=0 kw=Unclassified,Unclassified
Physics,Dual Nature of Radiation and Matter,Dual Nature of Radiation and Matter,,60,,"If c is the velocity of light in free space, the correct statements about photon among the following are : A. The energy of a photon is E = hv. B. The velocity of a photon is c. C. The momentum of a photon, hv p c = . D. In a photon-electron collision, both total energy and total momentum are conserved. E. Photon possesses positive charge. Choose the correct answer from the options given below:","A, C and D only","A, B, D and E only",A and B only,"A, B, C and D only",C,2024,20,llm_flagged,llm=Dual Nature of Radiation and Matter; kw_score=1 kw=Work Energy and Power,Work Energy and Power
Physics,Nuclei,Nuclei,,60,,"290 82 e e X Y Z P Q + ŌłÆ ŌłÆ ’üĪ ’üó ŌÄ»ŌÄ»ŌåÆ ŌÄ»ŌÄ»ŌåÆ ŌÄ»ŌÄ»ŌåÆ ŌÄ»ŌÄ»ŌåÆ In the nuclear emission stated above, the mass number and atomic number of the product Q respectively, are:","288, 82","286, 81","280, 81","286, 80",A,2024,21,llm_flagged,llm=Nuclei; kw_score=0 kw=Unclassified,Unclassified
Physics,Work Energy and Power,Work Energy and Power,,60,,"At any instant of time t, the displacement of any particle is given by 2 1 t ŌłÆ (SI unit) under the influence of force of 5N. The value of instantaneous power is (in SI unit):",7,6,10,5,B,2024,22,llm_flagged,llm=Work Energy and Power; kw_score=1 kw=Work Energy and Power,Work Energy and Power
Physics,Semiconductor Electronics,Semiconductor Electronics,,60,,The output (Y) of the given logic gate is similar to the output of an/a :,OR gate,AND gate,NAND gate,NOR gate,A,2024,23,llm_flagged,llm=Semiconductor Electronics; kw_score=1 kw=Semiconductor Electronics,Semiconductor Electronics
Physics,Gravitation,Gravitation,,60,,The mass of a planet is 1 10 th that of the earth and its diameter is half that of the earth. The acceleration due to gravity on that planet is :,2 4.9 m sŌłÆ,2 3.92 m sŌłÆ,2 19.6 m sŌłÆ,2 9.8 m sŌłÆ NEET (UG)-2024 (Code-_T3_),D,2024,24,llm_flagged,llm=Gravitation; kw_score=0 kw=Unclassified,Unclassified
Physics,Atoms,Atoms,,60,,"Given below are two statements : Statement I: Atoms are electrically neutral as they contain equal number of positive and negative charges. Statement II: Atoms of each element are stable and emit their characteristic spectrum. In the fight of the above statements, choose the most appropriate answer from the options given below :",Statement I is correct but Statement II is incorrect.,Statement I is incorrect but Statement II is correct.,Both Statement I and Statement II are correct.,Both Statement I and Statement II are incorrect.,D,2024,25,llm_flagged,llm=Atoms; kw_score=1 kw=Electromagnetic Waves,Electromagnetic Waves
Physics,Motion in a Plane,Motion in a Plane,,60,,A particle moving with uniform speed in a circular path maintains;,constant velocity but varying acceleration.,varying velocity and varying acceleration.,constant velocity.,constant acceleration.,D,2024,27,llm_flagged,llm=Motion in a Plane; kw_score=0 kw=Unclassified,Unclassified
Physics,Mechanical Properties of Fluids,Mechanical Properties of Fluids,,60,,"A thin flat circular disc of radius 4.5 cm is placed gently over the surface of water. If surface tension of water is 0.07 NmŌĆō1, then the excess force required to take it away from the surface is;",1.98 mN,99 N,19.8 mN,198 N,A,2024,28,llm_flagged,llm=Mechanical Properties of Fluids; kw_score=1 kw=Mechanical Properties of Fluids,Mechanical Properties of Fluids
Physics,System of Particles and Rotational Motion,System of Particles and Rotational Motion,,60,,Two bodies A and B of same mass undergo completely inelastic one dimensional collision. The body A moves with velocity v1 while body B is at rest before collision. The velocity of the system after collision is v2. The ratio v1 : v2 is;,4 : 1,1 : 4,1 : 2,2 : 1,A,2024,30,llm_flagged,llm=System of Particles and Rotational Motion; kw_score=1 kw=Units and Measurements,Units and Measurements
Physics,Motion in a Plane,Motion in a Plane,,60,,"A bob is whirled in a horizontal plane by means of a string with an initial speed of Žē rpm. The tension in the string is T. If speed becomes 2 Žē white keeping the same radius, the tension in the string becomes;",4 T,2T,T,4T,D,2024,34,llm_flagged,llm=Motion in a Plane; kw_score=1 kw=Waves,Waves
Physics,Current Electricity,Current Electricity,,60,,A wire of length ŌĆślŌĆÖ and resistance 100 ╬® is divided into 10 equal parts. The first 5 parts are connected in series while the next 5 parts are connected in parallel. The two combinations are again connected in series. The resistance of this final combination is;,55 ╬®,60 ╬®,26 ╬®,52 ╬® SECTION-B,C,2024,35,llm_flagged,llm=Current Electricity; kw_score=1 kw=Current Electricity,Current Electricity
Physics,Electromagnetic Waves,Electromagnetic Waves,,60,,The property which is not of an electromagnetic wave travelling in free space is that;,they travel with a speed equal to 0 0 1 ’üŁ’āÄ,they originate from charges moving with uniform speed.,they are transverse in nature.,they energy density in electric field is equal to energy density in magnetic field.,B,2024,38,llm_flagged,llm=Electromagnetic Waves; kw_score=1 kw=Electrostatic Potential and Capacitance,Electrostatic Potential and Capacitance
Physics,Units and Measurements,Units and Measurements,,60,,"A force defined by F= ╬▒t2+╬▓t acts on a particle at a given time t. The factor which is dimensionless, if ╬▒ and ╬▓ are constants, is:",╬▒╬▓t,t ’üĪ’üó,t ’üó ’üĪ,t ’üĪ ’üó,D,2024,41,llm_flagged,llm=Units and Measurements; kw_score=1 kw=Units and Measurements,Units and Measurements
Physics,Moving Charges and Magnetism,Moving Charges and Magnetism,,60,,An iron bar of length L has magnetic moment M. It is bent at the middle of its length such that the two arms make an angle 60┬░ with each other. The magnetic moment of this new magnet is:,2 M,M 3,M,M 2,D,2024,44,llm_flagged,llm=Moving Charges and Magnetism; kw_score=0 kw=Unclassified,Unclassified
Physics,Current Electricity,Current Electricity,,60,,"Two heaters A and B have power rating of 1 kW and 2kW, respectively. Those two are first connected in series and then in parallel to a fixed power source. The ratio of power outputs for these two cases is:",1 : 2,2 : 3,1 : 1,2 : 9,D,2024,46,llm_flagged,llm=Current Electricity; kw_score=1 kw=Work Energy and Power,Work Energy and Power
Physics,Moving Charges and Magnetism,Moving Charges and Magnetism,,60,,"A sheet is placed on a horizontal surface in front of a strong magnetic pole. A force is needed to: A. hold the sheet there if it is magnetic. B. hold the sheet there if it nonŌĆōmagnetic. C. move the sheet away from the pole with uniform velocity if it is conducting. D. move the sheet away from the pole with uniform velocity if it is both, non-conducting and non-polar. Choose the correct statement(s) from the options given below:","A, C and D only",C only,B and D only,A and C only CHEMISTRY SECTION ŌĆō A,D,2024,50,llm_flagged,llm=Moving Charges and Magnetism; kw_score=0 kw=Unclassified,Unclassified
Chemistry,Electrochemistry,Electrochemistry,,60,,Match List-I with List-II. List-I (Conversion) List-II (Number of Faraday required) A. 1 mol of H2O to O2 I. 3F B. 1 mol of ŌĆō 4 MnO to Mn2+ II. 2F C. 1.5 mol of Ca from molten CaCl2 III. 1F D. 1 mol of FeO to Fe2O3 IV. 5F Choose the correct answer from the options given below:,"A-II, B-III, C-I, D-IV","A-III, B-IV, C-II, D-I","A-II, B-IV, C-I, D-III","A-III, B-IV, C-I, D-II",A,2024,51,llm_flagged,llm=Electrochemistry; kw_score=1 kw=Electromagnetic Induction,Electromagnetic Induction
Chemistry,Redox Reactions,Redox Reactions,,60,,Which reaction is NOT a redox reaction?,H2 + Cl2 ŌåÆ 2 HCl,BaCl2 + Na2SO4 ŌåÆ BaSO4 + 2 NaCl,Zn + CuSO4 ŌåÆ ZnSO4 + Cu,2 KClO3 + I2 ŌåÆ 2 KIO3 + Cl2,D,2024,52,llm_flagged,llm=Redox Reactions; kw_score=1 kw=Redox Reactions,Redox Reactions
Chemistry,Some Basic Concepts of Chemistry,Some Basic Concepts of Chemistry,,60,,"1 gram of sodium hydroxide was treated with 25 mL of 0.75 M HCl solution, the mass of sodium hydroxide left unreacted is equal to",Zero mg,200 mg,750 mg,250 mg,A,2024,55,llm_flagged,llm=Some Basic Concepts of Chemistry; kw_score=1 kw=The s-Block Elements,The s-Block Elements
Chemistry,Chemical Bonding and Molecular Structure,Chemical Bonding and Molecular Structure,,60,,Match List-I with List-II. List-I (Compound) List-II (Shape/geometry) A. NH3 I. Trigonal Pyramidal B. BrF5 II. Square Planar C. XeF4 III. Octahedral D. SF6 IV. Square Pyramidal Choose the correct answer from the options given below:,"A-III, B-IV, C-I, D-II","A-II, B-III, C-IV, D-I","A-I, B-IV, C-II, D-III","A-II, B-IV, C-III, D-I",A,2024,56,llm_flagged,llm=Chemical Bonding and Molecular Structure; kw_score=0 kw=Unclassified,Unclassified
Chemistry,Electrochemistry,Electrochemistry,,60,,The E┬░ value for the Mn3+/Mn2+ couple is more positive than that of Cr3+/Cr2+ or Fe3+/Fe2+ due to change of,d4 to d5 configuration,d3 to d5 configuration,d5 to d4 configuration,d5 to d2 configuration NEET (UG)-2024 (Code-_T3_),C,2024,57,llm_flagged,llm=Electrochemistry; kw_score=1 kw=General Principles and Processes of Isolation of Elements,General Principles and Processes of Isolation of Elements
Chemistry,Thermodynamics,Thermodynamics,,60,,Match List-I with List-II. List-I (Process) List-II (Conditions) A. Isothermal process I. No heat exchange B. Isochoric process II. Carried out at constant temperature C. Isobaric process III. Carried out at constant volume D. Adiabatic process IV. Carried out at constant pressure Choose the correct answer from the options given below:,"A-I, B-II, C-III, D-IV","A-II, B-III, C-IV, D-I","A-IV, B-III, C-II, D-I","A-IV, B-II, C-III, D-I",C,2024,58,llm_flagged,llm=Thermodynamics; kw_score=2 kw=Thermodynamics [boundary],Thermodynamics
Chemistry,Hydrocarbons,Hydrocarbons,,60,,A compound with a molecular formula of C6H14 has two tertiary carbons. Its IUPAC name is:,"2,3-dimethylbutane","2,2-dimethylbutane",n-hexane,2-methylpentane,D,2024,60,llm_flagged,llm=Hydrocarbons; kw_score=0 kw=Unclassified,Unclassified
Chemistry,The d- and f-Block Elements,The d- and f-Block Elements,,60,,ŌĆśSpin onlyŌĆÖ magnetic moment is same for which of the following ions? A. Ti3+ B. Cr2+ C. Mn2+ D. Fe2+ E. Sc3+ Choose the most appropriate answer from the options given below:,B and C only,A and D only,B and D only,A and E only,C,2024,61,llm_flagged,llm=The d- and f-Block Elements; kw_score=0 kw=Unclassified,Unclassified
Chemistry,Classification of Elements and Periodicity,Classification of Elements and Periodicity,,60,,"Arrange the following elements in increasing order of electronegativity: N, O, F, C, Si Choose the correct answer from the options given below:",O < F < N < C < Si,F < O < N < C < Si,Si < C < N < O < F,Si < C < O < N < F,B,2024,62,llm_flagged,llm=Classification of Elements and Periodicity; kw_score=1 kw=Classification of Elements and Periodicity,Classification of Elements and Periodicity
Chemistry,Alcohols Phenols and Ethers,Alcohols Phenols and Ethers,,60,,Which one of the following alcohols reacts instantaneously with Lucas reagent?,3 2 | 3 CH CH CH OH CH ŌłÆ ŌłÆ,3 | 3 | 3 CH CH C OH CH ŌłÆ ŌłÆ,3 2 2 2 CH CH CH CH OH ŌłÆ ŌłÆ ŌłÆ,3 2 | 3 CH CH CH OH CH ŌłÆ ŌłÆ ŌłÆ,B,2024,63,llm_flagged,llm=Alcohols Phenols and Ethers; kw_score=1 kw=Alcohols Phenols and Ethers,Alcohols Phenols and Ethers
Chemistry,Coordination Compounds,Coordination Compounds,,60,,"Given below are two statements: Statement I: Both ( ) 3 3 6 Co NH + ’ā® ’ā╣ ’ā½ ’ā╗ and ’üø ’üØ 3 6 CoF ŌłÆ complexes are octahedral but differ in their magnetic behaviour. Statement II: ( ) 3 3 6 Co NH + ’ā® ’ā╣ ’ā½ ’ā╗ is diamagnetic whereas ’üø ’üØ 3 6 CoF ŌłÆ is paramagnetic. In the light of the above statements, choose the correct answer from the options given below:",Statement I is true but Statement II is false.,Statement I is false but Statement II is true.,Both Statement I and Statement II are true.,Both Statement I and Statement II are false.,B,2024,64,llm_flagged,llm=Coordination Compounds; kw_score=0 kw=Unclassified,Unclassified
Chemistry,The p-Block Elements,The p-Block Elements,,60,,"Given below are two statements: Statement I : The boiling point of hydrides of Group 16 elements follow the order H2O > H2Te > H2Se > H2S. Statement II : On the basis of molecular mass, H2O is expected to have lower boiling point than the other members of the group but due to the presence of extensive H-bonding in H2O, it has higher boiling point. In the light of the above statements, choose the correct answer from the options given below:",Statement I is true but Statement II is false.,Statement I is false but Statement II is true.,Both Statement I and Statement II are true.,Both Statement I and Statement II are false. NEET (UG)-2024 (Code-_T3__),C,2024,65,llm_flagged,llm=The p-Block Elements; kw_score=0 kw=Unclassified,Unclassified
Chemistry,Organic Chemistry - Some Basic Principles and Techniques,Organic Chemistry - Some Basic Principles and Techniques,,60,,"Match List I with List II. Lits I (Reaction) List II (Reagents/ Condition) A. I. Anhyd.AlCl3 B. II. CrO3 C. III. KMnO4/ KOH, ’üä D. IV. (i) O3 (ii) Zn-H2O Choose the correct answer from the options given below:","A-IV, B-I, C-II, D-III","A-I, B-IV, C-II, D-III","A-IV, B-I, C-III, D-II","A-III, B-I, C-II, D-IV",C,2024,67,llm_flagged,llm=Organic Chemistry - Some Basic Principles and Techniques; kw_score=1 kw=Redox Reactions,Redox Reactions
Chemistry,Alcohols Phenols and Ethers,Alcohols Phenols and Ethers,,60,,Identify the correct reagents that would bring about the following transformation.,(i) BH3 (ii) (iii) alk. KMnO4 (iv) H3O’āģ,(i) H2O/H+ (ii) PCC,(i) H2O/H+ (ii) CrO3,(i) BH3 (ii) (iii) PCC,C,2024,68,llm_flagged,llm=Alcohols Phenols and Ethers; kw_score=1 kw=Redox Reactions,Redox Reactions
Chemistry,Biomolecules,Biomolecules,,60,,The reagents with which glucose does not react to give the corresponding tests/products are A. TollenŌĆÖs reagent B. SchiffŌĆÖs reagent C. HCN D. NH2OH E. NaHSO3 Choose the correct options from the given below:,B and E,E and D,B and C,A and D,C,2024,69,llm_flagged,llm=Biomolecules; kw_score=0 kw=Unclassified,Unclassified
Chemistry,Chemical Bonding and Molecular Structure,Chemical Bonding and Molecular Structure,,60,,"Match List I with List II. List-I (Molecule) List-II (Number and types of bond/s between two carbon atoms) A. ethane I. one ’ü│-bonds and two ’ü░-bonds B. ethene II. two ’ü░-bonds C. carbon molecule, C2 III. one ’ü│-bond D. ethyne IV. one ’ü│-bond and one ’ü░-bond Choose the correct answer from the options given below:","A-III, B-IV, C-II, D-I","A-III, B-IV, C-I, D-II","A-I, B-IV, C-II, D-III","A-IV, B-III, C-II, D-I",D,2024,70,llm_flagged,llm=Chemical Bonding and Molecular Structure; kw_score=0 kw=Unclassified,Unclassified
Chemistry,The p-Block Elements,The p-Block Elements,,60,,"Among Group 16 elements, which one does NOT show ŌĆō2 oxidation state?",Te,Po,O,Se NEET (UG)-2024 (Code-_T3_),D,2024,71,llm_flagged,llm=The p-Block Elements; kw_score=1 kw=Redox Reactions,Redox Reactions
Chemistry,Equilibrium,Equilibrium,,60,,"For the reaction 2A Ōćī B + C, Kc = 4 ├Ś 10ŌĆō3. At a given time, the composition of reaction mixture is: [A] = [B] = [C] = 2 ├Ś 10ŌĆō3 M. Then, which of the following is correct?",Reaction has a tendency to go in backward direction.,Reaction has gone to completion in forward direction.,Reaction is at equilibrium.,Reaction has a tendency to go in forward direction.,B,2024,72,llm_flagged,llm=Equilibrium; kw_score=0 kw=Unclassified,Unclassified
Chemistry,Equilibrium,Equilibrium,,60,,"In which of the following equilibria, Kp and Kc are NOT equal?",CO(g) + H2O(g) Ōćī CO2(g) + H2(g),2 BrCl(g) Ōćī Br2(g) + Cl2(g),PCl5(g) Ōćī PCl3(g) + Cl2(g),H2(g) + I2(g) Ōćī 2 HI(g),A,2024,74,llm_flagged,llm=Equilibrium; kw_score=0 kw=Unclassified,Unclassified
Chemistry,Hydrocarbons,Hydrocarbons,,60,,"Given below are two statements: Statement I : The boiling point of three isomeric pentanes follows the order. n-pentane > isopentane > neopentane Statement II : When branching increases, the molecule attains a shape of sphere. This results in smaller surface area for contact, due to which the intermolecular forces between the spherical molecules are weak, thereby lowering the boiling point. In the light of the above statements, choose the most appropriate answer from the options given below:",Statement I is correct but Statement II is incorrect.,Statement I is incorrect but Statement II is correct.,Both Statement I and Statement II are correct.,Both Statement I and Statement II are incorrect.,C,2024,75,llm_flagged,llm=Hydrocarbons; kw_score=0 kw=Unclassified,Unclassified
Chemistry,Structure of Atom,Structure of Atom,,60,,"The energy of an electron in the ground state (n =1) for He+ ion is ŌĆōx J, then that for an electron in n = 2 state for Be3+ ion in J is:",ŌĆō 4x,4 x 9 ŌłÆ,ŌĆō x,x 9 ŌłÆ,B,2024,77,llm_flagged,llm=Structure of Atom; kw_score=0 kw=Unclassified,Unclassified
Chemistry,Thermodynamics,Thermodynamics,,60,,In which of the following processes entropy increases? A. A liquid evaporates to vapour. B. Temperature of a crystalline solid lowered from 130 K to 0 K. C. 3(s) 2 3(s) 2(g) 2 (g) 2NaHCO Na CO CO H O ŌåÆ + + D. 2(g) (g) Cl 2Cl ŌåÆ Choose the correct answer from the options given below:,"A, C and D",C and D,A and C,"A, B and D",A,2024,78,llm_flagged,llm=Thermodynamics; kw_score=1 kw=Thermodynamics,Thermodynamics
Chemistry,Coordination Compounds,Coordination Compounds,,60,,Match List-I with List-II List-I List-II (Complex) (Type of isomerism) A. 3 5 2 2 [Co(NH ) (NO )]Cl I. Solvate isomerism B. 3 5 4 [Co(NH ) (SO )]Br II. Linkage isomerism C. 3 6 6 [Co(NH ) ][Cr(CN) ] III. Ionization isomerism D. 2 6 3 [Co(H O) ]Cl IV. Coordination isomerism Choose the correct answer from the options given below:,"A-I, B-IV, C-III, D-II","A-II, B-IV, C-III, D-I","A-II, B-III, C-IV, D-I","A-I, B-III, C-IV, D-II",B,2024,80,llm_flagged,llm=Coordination Compounds; kw_score=1 kw=Principles of Inheritance and Variation,Principles of Inheritance and Variation
Chemistry,Classification of Elements and Periodicity,Classification of Elements and Periodicity,,60,,"Arrange the following elements in increasing order of first ionization enthalpy: Li, Be, B, C, N Choose the correct answer from options given below:",Li < Be < C < B < N,Li < Be < N < B < C,Li < Be < B < C < N,Li < B < Be < C < N,C,2024,82,llm_flagged,llm=Classification of Elements and Periodicity; kw_score=1 kw=Thermodynamics,Thermodynamics
Chemistry,Some Basic Concepts of Chemistry,Some Basic Concepts of Chemistry,,60,,The highest number of helium atoms is in,4 g of helium,2.271098 L of helium at STP,4 mol of helium,4 u of helium,D,2024,83,llm_flagged,llm=Some Basic Concepts of Chemistry; kw_score=0 kw=Unclassified,Unclassified
Chemistry,Solutions,Solutions,,60,,"The HenryŌĆÖs law constant (KH) values of three gases (A, B, C) in water are 145, 2 ’é┤ 10ŌĆō5 and 35 kbar, respectively. The solubility of these gases in water follow the order:",A > C > B,A > B > C,B > A > C,B > C > A SECTION-B,C,2024,85,llm_flagged,llm=Solutions; kw_score=0 kw=Unclassified,Unclassified
Chemistry,Some Basic Concepts of Chemistry,Some Basic Concepts of Chemistry,,60,,"A compound X contains 32% of A, 20% of B and remaining percentage of C. Then, the empirical formula of X is: (Given atomic masses of A = 64; B = 40; C = 32u)",AB2C2,ABC4,A2BC2,ABC3,C,2024,86,llm_flagged,llm=Some Basic Concepts of Chemistry; kw_score=1 kw=Some Basic Concepts of Chemistry,Some Basic Concepts of Chemistry
Chemistry,Haloalkanes and Haloarenes,Haloalkanes and Haloarenes,,60,,"The products A and B obtained in the following reactions, respectively, are 3ROH + PCl3 ŌåÆ 3RCl + A ROH + PCl5 ŌåÆ RCl + HCl + B",H3PO4 and POCl3,H3PO3 and POCl3,POCl3 and H3PO3,POCl3 and H3PO4,B,2024,87,llm_flagged,llm=Haloalkanes and Haloarenes; kw_score=0 kw=Unclassified,Unclassified
Chemistry,Solutions,Solutions,,60,,The plot of osmotic pressure (’üÉ) vs concentration (mol LŌĆō1) for a solution gives a straight line with slope 25.73 L bar molŌĆō1. The temperature at which the osmotic pressure measurement is done is: (Use R = 0.083 L bar molŌĆō1 KŌĆō1),25.73┬║C,12.05┬║C,37┬║C,310┬║C NEET (UG)-2024 (Code-_T3_),B,2024,88,llm_flagged,llm=Solutions; kw_score=1 kw=Solutions,Solutions
Chemistry,Coordination Compounds,Coordination Compounds,,60,,"Given below are two statements: Statement I: ’üø ’üØ 3 3 6 Co(NH ) + is a homoleptic complex whereas ’üø ’üØ 3 4 2 Co(NH ) Cl + is a heteroleptic complex. Statement II: Complex ’üø ’üØ 3 3 6 Co(NH ) + has only one kind of ligands but ’üø ’üØ 3 4 2 Co(NH ) Cl + has more than one kind of ligands. In the light of the above statements, choose the correct answer from the options given below:",Statement I is true but Statement II is false.,Statement I is false but Statement II is true.,Both Statement I and Statement II are true.,Both Statement I and Statement II are false.,C,2024,90,llm_flagged,llm=Coordination Compounds; kw_score=1 kw=Coordination Compounds,Coordination Compounds
Chemistry,Solutions,Solutions,,60,,"During the preparation of MohrŌĆÖs salt solution (Ferrous ammonium sulphate), which of the following acid is added to prevent hydrolysis of Fe2+ ion?",dilute nitric acid,dilute sulphuric acid,dilute hydrochloric acid,concentrated sulphuric acid,C,2024,91,llm_flagged,llm=Solutions; kw_score=1 kw=Equilibrium,Equilibrium
Chemistry,Coordination Compounds,Coordination Compounds,,60,,"Given below are certain cations. Using inorganic qualitative analysis, arrange them in increasing group number from 0 to VI. A. Al3+ B. Cu2+ C. Ba2+ D. Co2+ E. Mg2+ Choose the correct answer from the option given below:","E, C, D, B, A","E, A, B, C, D","B, A, D, C, E","B, C, A, D, E",C,2024,93,llm_flagged,llm=Coordination Compounds; kw_score=0 kw=Unclassified,Unclassified
Chemistry,Amines,Amines,,60,,Identify the major product C formed in the following reaction sequence: NaCN 3 2 2 CH CH CH I A ŌłÆ ŌłÆ ŌłÆŌÄ»ŌÄ»ŌÄ»ŌåÆ 2 OH NaOH Partialhydrolysis Br (major) B C ŌłÆ ŌÄ»ŌÄ»ŌÄ»ŌÄ»ŌÄ»ŌÄ»ŌåÆ ŌÄ»ŌÄ»ŌÄ»ŌåÆ,butanamide,’üĪ-bromobutanoic acid,propylamine,butylamine,B,2024,94,llm_flagged,llm=Amines; kw_score=1 kw=Equilibrium,Equilibrium
Chemistry,Chemical Kinetics,Chemical Kinetics,,60,,"The rate of a reaction quadruples when temperature changes from 27┬║C to 57┬║C. Calculate the energy of activation. Given R = 8.314 J KŌĆō1 molŌĆō1, log 4 = 0.6021",3.80 kJ/mol,3804 kJ/mol,38.04 kJ/mol,380.4 kJ/mol,D,2024,95,llm_flagged,llm=Chemical Kinetics; kw_score=0 kw=Unclassified,Unclassified
Chemistry,Equilibrium,Equilibrium,,60,,"Consider the following reaction in a sealed vessel at equilibrium with concentrations of N2 = 3.0 ├Ś 10ŌĆō3 M, O2 = 4.2├Ś10ŌĆō3 M and NO = 2.8├Ś10ŌĆō3 M. (g) 2NO Ōćī 2(g) 2(g) N O + If 0.1 mol LŌĆō1 of NO(g) is taken in a closed vessel, what will be degree of dissociation (’üĪ) of NO(g) at equilibrium?",0.8889,0.717,0.00889,0.0889 NEET (UG)-2024 (Code-_T3__),D,2024,96,llm_flagged,llm=Equilibrium; kw_score=1 kw=Equilibrium,Equilibrium
Chemistry,Thermodynamics,Thermodynamics,,60,,The work done during reversible isothermal expansion of one mole of hydrogen gas at 25┬║C from pressure of 20 atmosphere to 10 atmosphere is: (Given R = 2.0 cal KŌĆō1molŌĆō1),413.14 calories,100 calories,0 calorie,ŌĆō 413.14 calories,C,2024,97,llm_flagged,llm=Thermodynamics; kw_score=2 kw=Thermal Properties of Matter [boundary],Thermal Properties of Matter
Chemistry,Electrochemistry,Electrochemistry,,60,,"Mass in grams of copper deposited by passing 9.6487 A current through a voltmeter containing copper sulphate solution for 100 seconds is: (Given: Molar mass of Cu : 63 g molŌĆō1, 1F = 96487 C)",31.5 g,0.0315 g,3.15 g,0.315 g,B,2024,98,llm_flagged,llm=Electrochemistry; kw_score=1 kw=Current Electricity,Current Electricity
Chemistry,The d- and f-Block Elements,The d- and f-Block Elements,,60,,The pair of lanthanoid ions which are diamagnetic is,Gd3+ and Eu3+,Pm3+ and Sm3+,Ce4+ and Yb2+,Ce3+ and Eu2+ BOTANY SECTION ŌĆō A,C,2024,100,llm_flagged,llm=The d- and f-Block Elements; kw_score=0 kw=Unclassified,Unclassified
Biology,Sexual Reproduction in Flowering Plants,Sexual Reproduction in Flowering Plants,,90,,"Identify the set of correct statements: A. The flowers of Vallisneria are colourful and produce nectar B. The flowers of waterlily are not pollinated by water. C. In most of water-pollinated species, the pollen grains are protected from wetting. D. Pollen grains of some hydrophytes are long and ribbon like. E. In some hydrophytes, the pollen grains are carried passively inside water. Choose the correct answer from the options given below:","A, C, D and E only","B, C, D and E only","C, D and E only","A B, C and D only",A,2024,101,llm_flagged,llm=Sexual Reproduction in Flowering Plants; kw_score=1 kw=Sexual Reproduction in Flowering Plants,Sexual Reproduction in Flowering Plants
Biology,Respiration in Plants,Respiration in Plants,,90,,Inhibition of Succinic dehydrogenase enzyme by malonate is a classical example of:,Competitive inhibition,Enzyme activation,Cofactor inhibition,Feedback inhibition NEET (UG)-2024 (Code-_T3_),D,2024,103,llm_flagged,llm=Respiration in Plants; kw_score=1 kw=Biomolecules,Biomolecules
Biology,Anatomy of Flowering Plants,Anatomy of Flowering Plants,,90,,Bulliform cells are responsible for,Increased photosynthesis in monocots.,Providing large spaces for storage of sugars.,Inward curling of leaves in monocots.,Protecting the plant from salt stress.,C,2024,105,llm_flagged,llm=Anatomy of Flowering Plants; kw_score=1 kw=Mechanical Properties of Solids,Mechanical Properties of Solids
Biology,Photosynthesis in Higher Plants,Photosynthesis in Higher Plants,,90,,Which of the following are required for the dark reaction of photosynthesis? A. Light B. Chlorophyll C. CO2 D. ATP E. NADPH Choose the correct answer from the options given below:,"C, D and E only",D and E only,"A, B and C only","B, C and D only",B,2024,106,llm_flagged,llm=Photosynthesis in Higher Plants; kw_score=1 kw=Photosynthesis in Higher Plants,Photosynthesis in Higher Plants
Biology,Anatomy of Flowering Plants,Anatomy of Flowering Plants,,90,,Formation of interfascicular cambium from fully developed parenchyma cells is an example for,Dedifferentiation,Maturation,Differentiation,Redifferentiation,A,2024,107,llm_flagged,llm=Anatomy of Flowering Plants; kw_score=0 kw=Unclassified,Unclassified
Biology,Biotechnology - Principles and Processes,Biotechnology - Principles and Processes,,90,,Hind II always cuts DNA molecules at a particular point called recognition sequence and it consists of:,4 bp,10 bp,8 bp,6 bp,A,2024,108,llm_flagged,llm=Biotechnology - Principles and Processes; kw_score=1 kw=Molecular Basis of Inheritance,Molecular Basis of Inheritance
Biology,Biodiversity and Conservation,Biodiversity and Conservation,,90,,"Tropical regions show greatest level of species richness because A. Tropical latitudes have remained relatively undisturbed for milions of years, hence more time was available for species diversification. B. Tropical environments are more seasonal. C. More solar energy is available in tropics. D. Constant environments promote niche specialization. E. Tropical environments are constant and predictable. Choose the correct answer from the options given below:","A, B and E only","A, B and D only","A, C, D and E only",A and B only,A,2024,109,llm_flagged,llm=Biodiversity and Conservation; kw_score=1 kw=General Principles and Processes of Isolation of Elements,General Principles and Processes of Isolation of Elements
Biology,Biological Classification,Biological Classification,,90,,Which one of the following is not a criterion for classification of fungi?,Mode of spore formation,Fruiting body,Morphology of mycelium,Mode of nutrition,A,2024,110,llm_flagged,llm=Biological Classification; kw_score=1 kw=General Principles and Processes of Isolation of Elements,General Principles and Processes of Isolation of Elements
Biology,Photosynthesis in Higher Plants,Photosynthesis in Higher Plants,,90,,How many molecules of ATP and NADPH are required for every molecule of CO2 fixed in the Calvin cycle?,3 molecules of ATP and 3 molecules of NADPH,3 molecules of ATP and 2 molecules of NADPH,2 molecules of ATP and 3 molecuifes of NADPH,2 molecules of ATP and 2 molecules of NADPH,C,2024,111,llm_flagged,llm=Photosynthesis in Higher Plants; kw_score=1 kw=Photosynthesis in Higher Plants,Photosynthesis in Higher Plants
Biology,Biodiversity and Conservation,Biodiversity and Conservation,,90,,These are regarded as major causes of biodiversity loss: A. Over exploitation B. Co-extinction C. Mutation D. Habitat loss and fragmentation E. Migration Choose the correct option:,"A, B and E only","A, B and D only","A, C and D only","A, B, C and D only",A,2024,112,llm_flagged,llm=Biodiversity and Conservation; kw_score=1 kw=Evolution,Evolution
Biology,Biotechnology - Principles and Processes,Biotechnology - Principles and Processes,,90,,The capacity to generate a whole plant from any cell of the plant is called:,Differentiation,Somatic hybridization,Totipotency,Micropropagation NEET (UG)-2024 (Code-_T3__),C,2024,113,llm_flagged,llm=Biotechnology - Principles and Processes; kw_score=1 kw=Strategies for Enhancement in Food Production,Strategies for Enhancement in Food Production
Biology,Cell Cycle and Cell Division,Cell Cycle and Cell Division,,90,,Spindle fibers attach to kinetochores of chromosomes during,Anaphase,Telophase,Prophase,Metaphase,B,2024,115,llm_flagged,llm=Cell Cycle and Cell Division; kw_score=1 kw=General Principles and Processes of Isolation of Elements,General Principles and Processes of Isolation of Elements
Biology,Biological Classification,Biological Classification,,90,,Match List I with List II List I List II A. Rhizopus I. Mushroom B. Ustilago II. Smut fungus C. Puccinia III. Bread mould D. Agaricus IV. Rust fungus Choose the correct answer from the options given below:,"A-III, B-II, C-I, D-IV","A-IV, B-III, C-II, D-I","A-III, B-II, C-IV, D-I","A-I, B-III, C-II, D-IV",A,2024,117,llm_flagged,llm=Biological Classification; kw_score=0 kw=Unclassified,Unclassified
Biology,Principles of Inheritance and Variation,Principles of Inheritance and Variation,,90,,"In a plant, black seed color (BB/Bb) is dominant over white seed color (bb). In order to find out the genotype of the black seed plant, with which of the following genotype will you cross it?",Bb,BB/Bb,BB,bb,D,2024,118,llm_flagged,llm=Principles of Inheritance and Variation; kw_score=1 kw=Principles of Inheritance and Variation,Principles of Inheritance and Variation
Biology,Principles of Inheritance and Variation,Principles of Inheritance and Variation,,90,,A pink flowered Snapdragon plant was crossed with a red flowered Snapdragon plant. What type of phenotype/s is/are expected in the progeny?,Only pink flowered plants,"Red, Pink as well as white flowered plants",Only red flowered plants,Red flowered as well as pink flowered plants,C,2024,119,llm_flagged,llm=Principles of Inheritance and Variation; kw_score=1 kw=Principles of Inheritance and Variation,Principles of Inheritance and Variation
Biology,Principles of Inheritance and Variation,Principles of Inheritance and Variation,,90,,Match List I with List II List I List II A. Two or more alternative forms of a gene I. Back cross B. Cross of F1 progeny with homozygous recessive parent II. Ploidy C. Cross of F1 progeny with any of the parents III. Allele D. Number of chromosome sets in plant IV. Test cross Choose the correct answer from the options given below:,"A-III, B-IV, C-I, D-II","A-IV, B-III, C-II, D-I","A-I, B-II, C-III, D-IV","A-II, B-I, C-III, D-IV",A,2024,120,llm_flagged,llm=Principles of Inheritance and Variation; kw_score=1 kw=General Principles and Processes of Isolation of Elements,General Principles and Processes of Isolation of Elements
Biology,Biomolecules,Biomolecules,,90,,"Lecithin, a small molecular weight organic compound found in living tissues, is an example of:",Glycerides,Carbohydrates,Amino acids,Phospholipids,B,2024,121,llm_flagged,llm=Biomolecules; kw_score=1 kw=Biomolecules,Biomolecules
Biology,Microbes in Human Welfare,Microbes in Human Welfare,,90,,Match List I with List II List I List II A. Clostridium butylicum I. Ethanol B. Saccharomyces cerevisiae II. Streptokinase C. Trichoderma polysporum III. Butyric acid D. Streptococcus sp. IV. Cyclosporin-A Choose the correct answer from the options given below:,"A-III, B-I, C-IV, D-II","A-IV, B-I, C-III, D-II","A-III, B-I, C-II, D-IV","A-II, B-IV, C-III, D-I NEET (UG)-2024 (Code-_T3_)",B,2024,122,llm_flagged,llm=Microbes in Human Welfare; kw_score=0 kw=Unclassified,Unclassified
Biology,Morphology of Flowering Plants,Morphology of Flowering Plants,,90,,Which of the following is an example of actinomorphic flower?,Pisum,Sesbania,Datura,Cassia,B,2024,124,llm_flagged,llm=Morphology of Flowering Plants; kw_score=1 kw=Locomotion and Movement,Locomotion and Movement
Biology,Biotechnology and its Applications,Biotechnology and its Applications,,90,,What is the fate of piece of DNA carrying only gene of interest which is transferred into an alien organism? A. The piece of DNA would be able to multiply itself independently in the progeny cells of the organisms. B. It may get integrated into the genome of the recipient. C. It may multiply and be inherited along with the host DNA. D. The alien piece of DNA is not an integrated part of chromosome. E. It shows ability to replicate. Choose the correct answer from the options given below:,B and C only,A and E only,A and B only,D and E only,C,2024,126,llm_flagged,llm=Biotechnology and its Applications; kw_score=1 kw=Molecular Basis of Inheritance,Molecular Basis of Inheritance
Biology,Biomolecules,Biomolecules,,90,,The cofactor of the enzyme carboxypeptidase is:,Flavin,Haem,Zinc,Niacin,B,2024,128,llm_flagged,llm=Biomolecules; kw_score=1 kw=Biomolecules,Biomolecules
Biology,Molecular Basis of Inheritance,Molecular Basis of Inheritance,,90,,The lactose present in the growth medium of bacteria is transported to the cell by the action of,Permease,Polymerase,Beta-galactosidase,Acetylase,C,2024,129,llm_flagged,llm=Molecular Basis of Inheritance; kw_score=1 kw=Polymers,Polymers
Biology,Biotechnology and its Applications,Biotechnology and its Applications,,90,,"Given below are two statements: Statement I: Bt toxins are insect group specific and coded by a gene cry IAc. Statement II: Bt toxin exists as inactive protoxin in B. thuringienis. However, after ingestion by the insect the inactive protoxin gets converted into active form due to acidic pH of the insect gut. In the light of the above statements, choose the correct answer from the options given below:",Statement I is true but Statement II is false.,Statement I is false but Statement II is true.,Both Statement I and Statement II are true.,Both Statement I and Statement II are false.,C,2024,131,llm_flagged,llm=Biotechnology and its Applications; kw_score=1 kw=Equilibrium,Equilibrium
Biology,Anatomy of Flowering Plants,Anatomy of Flowering Plants,,90,,"Given below are two statements: Statement I: Parenchyma is living but collenchyma is dead tissue. Statement II: Gymnosperms lack xylem vessels but presence of xylem vessels is the characteristic of angiosperms. In the light of the above statements, choose the correct answer from the options given below:",Statement I is true but Statement II is false.,Statement I is false but Statement II is true.,Both Statement I and Statement II are true.,Both Statement I and Statement II are false NEET (UG)-2024 (Code-_T3__),B,2024,132,llm_flagged,llm=Anatomy of Flowering Plants; kw_score=1 kw=Plant Kingdom,Plant Kingdom
Biology,Cell Cycle and Cell Division,Cell Cycle and Cell Division,,90,,"Given below are two Statements: Statement I : Chromomes become gradually visible under light microscope during leptotene stage. Statement II: The begining of diplotene stage is recognized by dissolution of synaptonemal complex. In the light of the above statements, choose the correct answer from the options given below:",Statement I is true but Statement II is false.,Statement I is false but Statement II is true.,Both Statement I and Statement II are true.,Both Statement I and Statement II are false,A,2024,133,llm_flagged,llm=Cell Cycle and Cell Division; kw_score=1 kw=Ray Optics and Optical Instruments,Ray Optics and Optical Instruments
Biology,Cell: The Unit of Life,Cell: The Unit of Life,,90,,Match List-I with List-II. List-I List-II (A) Nucleolus (I) Site of formation of glycolipid (B) Centriole (II) Organization like the cartwheel (C) Leucoplasts (III) Site for active ribosomal RNA synthesis (D) Golgi apparatus (IV) For storing nutrients Choose the correct answer from the options given below,"A-III, B-IV, C-II, D-I","A-I, B-II, C-III, D-IV","A-III, B-II, C-IV, D-I","A-II, B-III, C-I, D-IV",D,2024,134,llm_flagged,llm=Cell: The Unit of Life; kw_score=1 kw=Cell: The Unit of Life,Cell: The Unit of Life
Biology,Cell: The Unit of Life,Cell: The Unit of Life,,90,,The DNA present in chloroplast is:,"Linear, single stranded","Circular, single stranded","Linear, double stranded","Circular, double stranded",D,2024,136,llm_flagged,llm=Cell: The Unit of Life; kw_score=1 kw=Molecular Basis of Inheritance,Molecular Basis of Inheritance
Biology,Biotechnology and its Applications,Biotechnology and its Applications,,90,,Which of the following are fused in somatic hybridization involving two varieties of plants?,Protoplsats,Pollens,Callus,Somatic embryos,D,2024,137,llm_flagged,llm=Biotechnology and its Applications; kw_score=1 kw=Ray Optics and Optical Instruments,Ray Optics and Optical Instruments
Biology,Respiration in Plants,Respiration in Plants,,90,,"Identify the step in tricarboxylic acid cycle, which does not involve oxidation of substrate.",Succinyl-CoA ŌåÆ Succinic acid,Isocitrate ŌåÆ ╬▒ -ketoglutaric acid,Malic acid ŌåÆ Oxaloacetic acid,Succinic acid ŌåÆ Malic acid,D,2024,143,llm_flagged,llm=Respiration in Plants; kw_score=1 kw=Aldehydes Ketones and Carboxylic Acids,Aldehydes Ketones and Carboxylic Acids
Biology,Respiration in Plants,Respiration in Plants,,90,,Match List-I with List-II. List-I List-II (A) Citric acid cycle (I) Cytoplasm (B) Glycolysis (II) Mitochondrial matrix (C) Electron transport system (III) Intermembrane space of mitochondria (D) Proton gradient (IV) Inner mitochondrial membrane Choose the correct answer from the options given below.,"A-III, B-IV, C-I, D-II","A-IV, B-III, C-II, D-I","A-I, B-II, C-III, D-IV","A-II, B-I, C-IV, D-III",D,2024,144,llm_flagged,llm=Respiration in Plants; kw_score=1 kw=Cell: The Unit of Life,Cell: The Unit of Life
Biology,Morphology of Flowering Plants,Morphology of Flowering Plants,,90,,"Match List-I with List-II. List-I List-II (A) Rose (I) Twisted aestivation (B) Pea (II) Perigynous flower (C) Cotton (III) Drupe (D) Mango (IV) Marginal placentation Choose the correct answer from the options given below (1) A-IV, B-III, C-II, D-I (2) A-II, B-III, C-IV, D-I (3) A-II, B-IV, C-I, D-III (4) A-I, B-II, C-III, D-IV NEET (UG)-2024 (Code-_T3__) 148. Match List-I with List-II. List-I List-II (A) Robert May (I) Species area relationship (B) Alexander von Humboldt (II) Long term ecosystem experiment using out door plots (C) Paul Ehrlich (III) Global species diversity at about 7 million (D) David Tilman (IV) Rivet popper hypothesis Choose the correct answer from the options given below","A-I, B-III, C-II, D-IV","A-III, B-IV, C-II, D-I","A-II, B-III, C-I, D-IV","A-III, B-I, C-IV, D-II",A,2024,147,llm_flagged,llm=Morphology of Flowering Plants; kw_score=1 kw=Morphology of Flowering Plants,Morphology of Flowering Plants
Biology,Morphology of Flowering Plants,Morphology of Flowering Plants,,90,,Match List-I with List-II. List-I (Types of stamen) List-II (Example) (A) Monoadelphous (I) Citrus (B) Diadelphous (II) Pea (C) Polyadelphous (III) Lily (D) Epiphyllous (IV) China-rose Choose the correct answer from the options given below,"A-I, B-II, C-IV, D-III","A-III, B-I, C-IV, D-II","A-IV, B-II, C-I, D-III","A-IV, B-I, C-II, D-III",C,2024,149,llm_flagged,llm=Morphology of Flowering Plants; kw_score=0 kw=Unclassified,Unclassified
Biology,Biological Classification,Biological Classification,,90,,"Read the following statements and choose the set of correct statements. In the members of Phaeophyceae. A. Asexual reproduction occurs usually by biflagellate zoospores. B. Sexual reproduction is by oogamous method only. C. Stored food is in the form of carbohydrates which is either mannitol or laminarin D. The major pigments found are chlorophyll a, c and carotenoids and xanthophyll. E. Vegetative cells have a cellulosic wall, usually covered on the outside by gelatinous coating of algin. Choose the correct answer front the options given below:","A, C, D and E only","A, B, C and E only","A, B, C and D only","B, C, D and E only ZOOLOGY SECTION ŌĆō A",C,2024,150,llm_flagged,llm=Biological Classification; kw_score=1 kw=Biomolecules,Biomolecules
Biology,Human Health and Disease,Human Health and Disease,,90,,Match List I with List II: List I List II A. Typhoid I. Fungus B. Leishmaniasis II. Nematode C. Ringworm III. Protozoa D. Filariasis IV. Bacteria Choose the correct answer from the options given below:,"A-III, B-I, C-IV, D-II","A-II, B-IV, C-III, D-I","A-I, B-III, C-II, D-IV","A-IV, B-III, C-I, D-II",D,2024,151,llm_flagged,llm=Human Health and Disease; kw_score=1 kw=Biological Classification,Biological Classification
Biology,Reproductive Health,Reproductive Health,,90,,Match List I with List II: List I List II A. Non-medicated IUD I. Multiload 375 B. Copper releasing IUD II. Progestonges C. Hormone releasing IUD III. Lippes loop D. Implants IV. LNG-20 Choose the correct answer from the options given below:,"A-IV, B-I, C-II, D-III","A-III, B-I, C-IV, D-II","A-III, B-I, C-II, D-IV","A-I, B-III, C-IV, D-II NEET (UG)-2024 (Code-_T3_)",B,2024,152,llm_flagged,llm=Reproductive Health; kw_score=1 kw=Chemical Coordination and Integration,Chemical Coordination and Integration
Biology,Human Reproduction,Human Reproduction,,90,,"Given below are two statements: Statement I: The presence or absence of hymen is not a reliable indicator of virginity. Statement II: The hymen is torn during the first coitus only. In the light of the above statements, choose the correct answer from the options given below:",Statement I is true but Statement II is false.,Statement I is false but Statement II is true.,Both Statement I and Statement II are true.,Both Statement I and Statement II are false.,A,2024,153,llm_flagged,llm=Human Reproduction; kw_score=0 kw=Unclassified,Unclassified
Biology,Structural Organisation in Animals,Structural Organisation in Animals,,90,,"In both sexes of cockroach, a pair of jointed filamentous structures called anal cerci are present on:",8th and 9th segment,11th segment,5th segment,10th segment,A,2024,154,llm_flagged,llm=Structural Organisation in Animals; kw_score=1 kw=Structural Organisation in Animals,Structural Organisation in Animals
Biology,Cell Cycle and Cell Division,Cell Cycle and Cell Division,,90,,Following are the stages of cell division: A. Gap 2 phase B. Cytokinesis C. Synthesis phase D. Karyokinesis E. Gap 1 phase Choose the correct sequence of stages from the options given below:,B-D-E-A-C,E-C-A-D-B,C-E-D-A-B,E-B-D-A-C,C,2024,159,llm_flagged,llm=Cell Cycle and Cell Division; kw_score=1 kw=Cell Cycle and Cell Division,Cell Cycle and Cell Division
Biology,Human Health and Disease,Human Health and Disease,,90,,Which of the following are Autoimmune disorders? A. Myasthenia gravis B. Rheumatoid arthritis C. Gout D. Muscular dystrophy E. Systemic Lupus Erythematosus (SLE) Choose the most appropriate answer from the options given below:,"B, C & E only","C, D & E only","A, B & D only","A, B & E only NEET (UG)-2024 (Code-_T3__)",D,2024,160,llm_flagged,llm=Human Health and Disease; kw_score=0 kw=Unclassified,Unclassified
Biology,Biomolecules,Biomolecules,,90,,Match List I with List II: List I List II A. Lipase I. Peptide bond B. Nuclease II. Ester bond C. Protease III. Glycosidic bond D. Amylase IV. Phosphodiester bond Choose the correct answer from the options given below:,"A-II, B-IV, C-I, D-III","A-IV, B-I, C-III, D-II","A-IV, B-II, C-III, D-I","A-III, B-II, C-I, D-IV",D,2024,161,llm_flagged,llm=Biomolecules; kw_score=1 kw=Biomolecules,Biomolecules
Biology,Evolution,Evolution,,90,,Which one of the following factors will not affect the Hardy-Weinberg equilibrium?,Gene migration,Constant gene pool,Genetic recombination,Genetic drift,B,2024,164,llm_flagged,llm=Evolution; kw_score=0 kw=Unclassified,Unclassified
Biology,Evolution,Evolution,,90,,Given below are some stages of human evolution. Arrange them in correct sequence. (Past to Recent) A. Homo habilis B. Homo sapiens C. Homo neanderthalensis D. Homo erectus Choose the correct sequence of human evolution from the options given below:,C-B-D-A,A-D-C-B,D-A-C-B,B-A-D-C,A,2024,165,llm_flagged,llm=Evolution; kw_score=1 kw=Ray Optics and Optical Instruments,Ray Optics and Optical Instruments
Biology,Body Fluids and Circulation,Body Fluids and Circulation,,90,,Following are the stages of pathway for conduction of an action potential through the heart: A. AV bundle B. Purkinje fibres C. AV node D. Bundle branches E. SA node Choose the correct sequence of pathway from the options given below:,B-D-E-C-A,E-A-D-B-C,E-C-A-D-B,A-E-C-B-D,A,2024,166,llm_flagged,llm=Body Fluids and Circulation; kw_score=1 kw=Thermal Properties of Matter,Thermal Properties of Matter
Biology,Breathing and Exchange of Gases,Breathing and Exchange of Gases,,90,,Which of the following factors are favourable for the formation of oxyhaemoglobin in alveoli?,Low pCO2 and High H+ concentration,Low pCO2 and High temperature,High pO2 and High pCO2,High pO2 and Lesser H+ concentration,A,2024,167,llm_flagged,llm=Breathing and Exchange of Gases; kw_score=1 kw=Breathing and Exchange of Gases,Breathing and Exchange of Gases
Biology,Biotechnology and its Applications,Biotechnology and its Applications,,90,,Match List I with List II: List I List II A. ’üĪ-1 antitrypsin I. Cotton bollworm B. Cry IAb II. ADA deficiency C. Cry IAc III. Emphysema D. Enzyme replacement therapy IV. Corn borer Choose the correct answer from the options given below:,"A-III, B-IV, C-I, D-II","A-II, B-IV, C-I, D-III","A-II, B-I, C-IV, D-III","A-III, B-I, C-II, D-IV NEET (UG)-2024 (Code-_T3_)",C,2024,168,llm_flagged,llm=Biotechnology and its Applications; kw_score=1 kw=Biomolecules,Biomolecules
Biology,Human Reproduction,Human Reproduction,,90,,"Given below are two statement: one is labelled as Assertion A and the other is labelled as Reason R: Assertion A: FSH acts upon ovarian follicles in female and Leydig cells in male. Reason R: Growing ovarian follicles secrete estrogen in female while interstitial cells secrete androgen in male human being. In the light of the above statements, choose the correct answer from the options given below:",A is true but R is false,A is false but R is true,Both A and R are true and R is the correct explanation of A.,Both A and R are true but R is NOT the correct explanation of A.,C,2024,169,llm_flagged,llm=Human Reproduction; kw_score=1 kw=The Solid State,The Solid State
Biology,Human Health and Disease,Human Health and Disease,,90,,Match List I with List II: List I List II A. Cocaine I. Effective sedative in surgery B. Heroin II. Cannabis sativa C. Morphine III. Erythroxylum D. Marijuana IV. Papaver somniferum Choose the correct answer from the options given below:,"A-II, B-I, C-III, D-IV","A-III, B-IV, C-I, D-II","A-IV, B-III, C-I, D-II","A-I, B-III, C-II, D-IV",B,2024,171,llm_flagged,llm=Human Health and Disease; kw_score=0 kw=Unclassified,Unclassified
Biology,Reproductive Health,Reproductive Health,,90,,Which of the following is not a natural/traditional contraceptive method?,Lactational amenorrhea,Vaults,Coitus interruptus,Periodic abstinence,D,2024,175,llm_flagged,llm=Reproductive Health; kw_score=1 kw=Reproductive Health,Reproductive Health
Biology,Biotechnology and its Applications,Biotechnology and its Applications,,90,,Which of the following statements is incorrect?,Bio-reactors are used to produce small scale bacterial cultures.,"Bio-reactors have an agitator system, an oxygen delivery system and foam control system.",A bio-reactor provides optimal growth conditions for achieving the desired product.,Most commonly used bio-reactors are of stirring type.,B,2024,178,llm_flagged,llm=Biotechnology and its Applications; kw_score=1 kw=Biological Classification,Biological Classification
Biology,Cell Cycle and Cell Division,Cell Cycle and Cell Division,,90,,Match List I with List II: List-I (Sub phases of prophase I) List-II (Specific characters) A. Diakinesis I. Synaptonemal complex formation B. Pachytene II. Completion of terminalisation of chiasmata C. Zygotene III. Chromosomes look like thin threads D. Leptotene IV. Appearance of recombination nodules Choose the correct answer form the options given below:,"A-II, B-IV, C-I, D-III","A-IV, B-III, C-II, D-I","A-IV, B-II, C-III, D-I","A-I, B-II, C-IV, D-III",B,2024,179,llm_flagged,llm=Cell Cycle and Cell Division; kw_score=1 kw=Cell Cycle and Cell Division,Cell Cycle and Cell Division
Biology,Human Reproduction,Human Reproduction,,90,,"Given below are two statements: one is labelled as Assertion A and the other is labelled as Reason R: Assertion A : Breast-feeding during initial period of infant growth is recommended by doctors for bringing a healthy baby Reason R: Colostrum contains several antibodies absolutely essential to develop resistance for the new born baby. In the light of the above statements, choose the most appropriate answer from the options given below:",A is correct but R is not correct.,A is not correct but R is correct.,Both A and R are correct and R is the correct explanation of A.,Both A and R are correct but R is NOT the correct explanation of A. NEET (UG)-2024 (Code-_T3_),D,2024,181,llm_flagged,llm=Human Reproduction; kw_score=1 kw=Current Electricity,Current Electricity
Biology,Animal Kingdom,Animal Kingdom,,90,,Match List I with List II: List-I List-II A. Pterophyllum I. Hag fish B. Myxine II. Saw fish C. Pristis III. Angel fish D. Exocoetus IV. Flying fish Choose the correct answer form the options given below:,"A-IV, B-I, C-II, D-III","A-III, B-II, C-I, D-IV","A-II, B-I, C-III, D-IV","A-III, B-I, C-II, D-IV",B,2024,182,llm_flagged,llm=Animal Kingdom; kw_score=0 kw=Unclassified,Unclassified
Biology,Human Reproduction,Human Reproduction,,90,,Which of the following is not a component of Fallopian tube?,Infundibulum,Ampulla,Uterine fundus,Isthmus,D,2024,184,llm_flagged,llm=Human Reproduction; kw_score=0 kw=Unclassified,Unclassified
Biology,Principles of Inheritance and Variation,Principles of Inheritance and Variation,,90,,Match List I with List II: List-I List-II A. Down's syndrome I. 11th chromosome B. ’üĪ - Thalassemia II. 'X' chromosome C. ’üó-Thalassemia III. 21st chromosome D. Klinefelter's IV. 16th chromosome Choose the correct answer form the options given below:,"A-III, B-IV, C-I, D-II","A-IV, B-I, C-II, D-III","A-I, B-II, C-III, D-IV","A-II, B-III, C-IV, D-I SECTION-B",D,2024,185,llm_flagged,llm=Principles of Inheritance and Variation; kw_score=0 kw=Unclassified,Unclassified
Biology,Animal Kingdom,Animal Kingdom,,90,,The following are the statements about non- chordates: A. Pharynx is perforated by gill slits. B. Notochord is absent. C. Central nervous system is dorsal. D. Heart is dorsal if present. E. Post anal tail is absent. Choose the most appropriate answer from the options given below:,"B, D and E only","B, C and D only",A and C only,"A, B and D only",C,2024,186,llm_flagged,llm=Animal Kingdom; kw_score=1 kw=Body Fluids and Circulation,Body Fluids and Circulation
Biology,Evolution,Evolution,,90,,Match List I with List II: List-I List-II A. Mesozoic Era I. Lower invertebrates B. Proterozoic Era II. Fish & Amphibia C. Cenozoic Era III. Birds & Reptiles D. Paleozoic Era IV. Mammals Choose the correct answer form the options given below:,"A-I, B-II, C-IV, D-III","A-III, B-I, C-IV, D-II","A-II, B-I, C-III, D-IV","A-III, B-I, C-II, D-IV",D,2024,187,llm_flagged,llm=Evolution; kw_score=0 kw=Unclassified,Unclassified
Biology,Neural Control and Coordination,Neural Control and Coordination,,90,,"Given below are two statements: Statement I: The cerebral hemispheres are connected by nerve tract known as corpus callosum. Statement II: The brain stem consists of the medulla oblongata, pons and cerebrum. In the light of the above statements, choose the most approriate answer from the options given below:",Statement I is correct but statement II is incorrect.,Statement I is incorrect but statement II is correct.,Both statement I and Statement II are correct.,Both statement I and Statement II are incorrect.,A,2024,188,llm_flagged,llm=Neural Control and Coordination; kw_score=1 kw=Neural Control and Coordination,Neural Control and Coordination
Biology,Human Reproduction,Human Reproduction,,90,,"Identify the correct option (A), (B), (C), (D) with respect to spermatogenesis. GnRH LH (A) ’é» ’é» (B) (C) ’é» ’é» Androgens Factors ’é» ’é» Formation of spermatids (D)","FSH, Sertoli cells, Leydig cells, spermatogenesis.","ICSH, Leydig cells, Sertoli cells spermatogenesis.","FSH, Leydig cells, Sertoli cells, spermiogenesis","ICSH, Interstitial cells, Leydig cells, spermiogenesis. NEET (UG)-2024 (Code-_T3__)",A,2024,189,llm_flagged,llm=Human Reproduction; kw_score=1 kw=The Solid State,The Solid State
Biology,Structural Organisation in Animals,Structural Organisation in Animals,,90,,Match List I with List II: List-I List-II A. The structures used for storing of food. I. Gizzard B. Ring of 6-8 blind tubules at junction of foregut and midgut. II. Gastric Caeca C. Ring of 100-150 yellow coloured thin filaments at junction of midgut and hindgut. III. Malpighian tubules D. The structures used for grinding the food. IV. Crop Choose the correct answer form the options given below:,"A-IV, B-III, C-II, D-I","A-III, B-II, C-IV, D-I","A-IV, B-II, C-III, D-I","A-I, B-II, C-III, D-IV",B,2024,194,llm_flagged,llm=Structural Organisation in Animals; kw_score=1 kw=General Principles and Processes of Isolation of Elements,General Principles and Processes of Isolation of Elements
Biology,Body Fluids and Circulation,Body Fluids and Circulation,,90,,Match List I with List II: List-I List-II A. P wave I. Heart muscles are electrically silent. B. QRS complex II. Depolarisation of ventricles. C. T wave III. Depolarisation of atria. D. T-P gap IV. Repolarisation of ventricles. Choose the correct answer form the options given below:,"A-II, B-III, C-I, D-IV","A-IV, B-II, C-I, D-III","A-I, B-III, C-IV, D-II","A-III, B-II, C-IV, D-I",C,2024,196,llm_flagged,llm=Body Fluids and Circulation; kw_score=1 kw=Wave Optics,Wave Optics
Biology,Principles of Inheritance and Variation,Principles of Inheritance and Variation,,90,,"As per ABO blood grouping system, the blood group of fathers is B+, mother is A+ and child is O+. Their respective genotype can be A. IBi/IAi/ii B. IBIB/IAIA/ii C. IAIB/iIA/IBi D. IAi/IBi/IAi E. iIB/iIA/IAIB Choose the most appropriate answer from the options given below:",C & B only,D & E only,A only,B only,A,2024,197,llm_flagged,llm=Principles of Inheritance and Variation; kw_score=1 kw=Body Fluids and Circulation,Body Fluids and Circulation
Biology,Organisms and Populations,Organisms and Populations,,90,,"Given below are two statements: Statement I: Gause's competitive exclusive principle states that two closely related species competing for different resources cannot exist indefinitely. Statement II: According to Gause's principle, during competition, the inferior will be eliminated. This may be true if resources are limiting. In the light of the above statements, choose the most approriate answer from the options given below:",Statement I is true but Statement II is false.,Statement I is false but statement II is true.,Both statement I and Statement II are true.,Both statement I and Statement II are false.,A,2024,198,llm_flagged,llm=Organisms and Populations; kw_score=0 kw=Unclassified,Unclassified
Biology,Biomolecules,Biomolecules,,90,,"Regarding catalytic cycle of an enzyme action, selecte the correct sequential steps: A. Substrate enzyme complex formation. B. Free enzyme ready to bind with another substrate. C. Release fo products. D. Chemical bonds of the substrate broken. E. Substrate bindig to active site. Choose the correct answer from the options given below:","B, A, C, D, E","E, D, C, B, A","E, A, D, C, B","A, E, B, D, C",B,2024,199,llm_flagged,llm=Biomolecules; kw_score=1 kw=Biomolecules,Biomolecules
